"seq_number","Site","Bio_repA.x","Bio_repB.x","Bio_repC.x","Bio_repA.y","Bio_repB.y","Bio_repC.y","max_Occupancy_prob","sum.taxonomy"
"merged_c19_fishcard_1","Edge",3,3,3,3,3,3,0.996889153156853,"Eukaryota;Chordata;Actinopteri;Perciformes;Serranidae;Paralabrax;Paralabrax clathratus"
"merged_c19_fishcard_1","MPA",3,3,3,3,3,3,0.996889153156853,"Eukaryota;Chordata;Actinopteri;Perciformes;Serranidae;Paralabrax;Paralabrax clathratus"
"merged_c19_fishcard_1","Outside",3,3,3,3,3,3,0.996889153156853,"Eukaryota;Chordata;Actinopteri;Perciformes;Serranidae;Paralabrax;Paralabrax clathratus"
"merged_c19_fishcard_10","Edge",3,3,3,3,3,3,0.996889153156853,"Eukaryota;Chordata;Actinopteri;Clupeiformes;Engraulidae;Engraulis;Engraulis mordax"
"merged_c19_fishcard_10","MPA",3,3,3,3,3,3,0.996889153156853,"Eukaryota;Chordata;Actinopteri;Clupeiformes;Engraulidae;Engraulis;Engraulis mordax"
"merged_c19_fishcard_10","Outside",3,1,2,3,1,2,0.990506655728654,"Eukaryota;Chordata;Actinopteri;Clupeiformes;Engraulidae;Engraulis;Engraulis mordax"
"merged_c19_fishcard_1008","Edge",1,NA,NA,1,NA,NA,0.736441682296023,""
"merged_c19_fishcard_101","Edge",3,3,3,3,3,3,0.996889153156853,""
"merged_c19_fishcard_101","MPA",3,1,1,3,1,1,0.994677719000597,""
"merged_c19_fishcard_101","Outside",3,3,2,3,3,2,0.994289677457061,""
"merged_c19_fishcard_1012","MPA",1,NA,NA,1,NA,NA,0.736441682296023,""
"merged_c19_fishcard_103","Edge",3,2,3,3,2,3,0.996686585852729,""
"merged_c19_fishcard_103","Outside",2,3,3,2,3,3,0.996856906653569,""
"merged_c19_fishcard_1032","Edge",1,NA,NA,1,NA,NA,0.736441682296023,"Eukaryota;Chordata;Actinopteri;Perciformes;Serranidae;Paralabrax;Paralabrax clathratus"
"merged_c19_fishcard_1033","Edge",1,NA,NA,1,NA,NA,0.736441682296023,""
"merged_c19_fishcard_105","Edge",3,3,3,3,3,3,0.996889153156853,""
"merged_c19_fishcard_105","MPA",3,3,3,3,3,3,0.996889153156853,""
"merged_c19_fishcard_105","Outside",3,3,3,3,3,3,0.996889153156853,""
"merged_c19_fishcard_1059","Edge",1,NA,NA,1,NA,NA,0.736441682296023,"Eukaryota;Chordata;Actinopteri;Perciformes;Serranidae;Paralabrax;Paralabrax clathratus"
"merged_c19_fishcard_107","Outside",1,1,NA,1,1,NA,0.796051072786437,"Eukaryota;Chordata;Actinopteri;Pleuronectiformes;Pleuronectidae;Pleuronichthys;Pleuronichthys coenosus"
"merged_c19_fishcard_108","Edge",3,3,3,3,3,3,0.996889153156853,""
"merged_c19_fishcard_108","MPA",3,NA,1,3,NA,1,0.986525932988294,""
"merged_c19_fishcard_108","Outside",3,3,2,3,3,2,0.994289677457061,""
"merged_c19_fishcard_109","Edge",3,2,1,3,2,1,0.992721243874162,""
"merged_c19_fishcard_109","MPA",2,NA,1,2,NA,1,0.953699352573773,""
"merged_c19_fishcard_109","Outside",NA,NA,3,NA,NA,3,0.987479056402214,""
"merged_c19_fishcard_111","Edge",NA,2,NA,NA,2,NA,0.926742309319624,"Eukaryota;Chordata;Actinopteri;Clupeiformes;Clupeidae;Sardinops;Sardinops sagax"
"merged_c19_fishcard_111","Outside",NA,1,1,NA,1,1,0.788663036413273,"Eukaryota;Chordata;Actinopteri;Clupeiformes;Clupeidae;Sardinops;Sardinops sagax"
"merged_c19_fishcard_113","Edge",3,3,3,3,3,3,0.996889153156853,""
"merged_c19_fishcard_113","MPA",3,2,2,3,2,2,0.994357682488224,""
"merged_c19_fishcard_113","Outside",NA,1,1,NA,1,1,0.788663036413273,""
"merged_c19_fishcard_114","Edge",2,NA,1,2,NA,1,0.953699352573773,"Eukaryota;Chordata;Actinopteri;Pleuronectiformes;Paralichthyidae;Citharichthys;Citharichthys sordidus"
"merged_c19_fishcard_114","MPA",NA,NA,2,NA,NA,2,0.923755719782754,"Eukaryota;Chordata;Actinopteri;Pleuronectiformes;Paralichthyidae;Citharichthys;Citharichthys sordidus"
"merged_c19_fishcard_114","Outside",1,1,1,1,1,1,0.835717624389857,"Eukaryota;Chordata;Actinopteri;Pleuronectiformes;Paralichthyidae;Citharichthys;Citharichthys sordidus"
"merged_c19_fishcard_115","Edge",2,2,1,2,2,1,0.964561074160648,""
"merged_c19_fishcard_115","MPA",2,NA,NA,2,NA,NA,0.940745219693381,""
"merged_c19_fishcard_115","Outside",2,2,3,2,2,3,0.993184638960708,""
"merged_c19_fishcard_117","Edge",3,3,3,3,3,3,0.996889153156853,""
"merged_c19_fishcard_117","MPA",3,3,3,3,3,3,0.996889153156853,""
"merged_c19_fishcard_117","Outside",3,3,3,3,3,3,0.996889153156853,""
"merged_c19_fishcard_12","Edge",3,3,3,3,3,3,0.996889153156853,"Eukaryota;Chordata;Actinopteri;NA;Sphyraenidae;Sphyraena;Sphyraena argentea"
"merged_c19_fishcard_12","MPA",3,2,2,3,2,2,0.994357682488224,"Eukaryota;Chordata;Actinopteri;NA;Sphyraenidae;Sphyraena;Sphyraena argentea"
"merged_c19_fishcard_12","Outside",3,3,3,3,3,3,0.996889153156853,"Eukaryota;Chordata;Actinopteri;NA;Sphyraenidae;Sphyraena;Sphyraena argentea"
"merged_c19_fishcard_121","Edge",NA,2,2,NA,2,2,0.956179809563659,"Eukaryota;Chordata;Actinopteri;;Sciaenidae;;"
"merged_c19_fishcard_121","MPA",1,2,3,1,2,3,0.993800464569743,"Eukaryota;Chordata;Actinopteri;;Sciaenidae;;"
"merged_c19_fishcard_121","Outside",2,2,2,2,2,2,0.963913666561673,"Eukaryota;Chordata;Actinopteri;;Sciaenidae;;"
"merged_c19_fishcard_122","Edge",3,3,3,3,3,3,0.996889153156853,""
"merged_c19_fishcard_122","MPA",3,NA,2,3,NA,2,0.992262330957954,""
"merged_c19_fishcard_122","Outside",NA,3,1,NA,3,1,0.992589373631577,""
"merged_c19_fishcard_124","Edge",NA,1,1,NA,1,1,0.788663036413273,""
"merged_c19_fishcard_125","Edge",3,3,3,3,3,3,0.996889153156853,""
"merged_c19_fishcard_125","MPA",3,1,3,3,1,3,0.993132366332246,""
"merged_c19_fishcard_125","Outside",1,3,1,1,3,1,0.992771616606629,""
"merged_c19_fishcard_126","Edge",3,2,1,3,2,1,0.992721243874162,""
"merged_c19_fishcard_126","MPA",2,1,2,2,1,2,0.960796262301206,""
"merged_c19_fishcard_126","Outside",NA,1,1,NA,1,1,0.788663036413273,""
"merged_c19_fishcard_13","Edge",3,3,3,3,3,3,0.996889153156853,""
"merged_c19_fishcard_13","MPA",3,3,3,3,3,3,0.996889153156853,""
"merged_c19_fishcard_13","Outside",3,3,3,3,3,3,0.996889153156853,""
"merged_c19_fishcard_132","Edge",3,3,3,3,3,3,0.996889153156853,""
"merged_c19_fishcard_132","MPA",2,1,1,2,1,1,0.952488951727658,""
"merged_c19_fishcard_132","Outside",1,1,1,1,1,1,0.835717624389857,""
"merged_c19_fishcard_133","Edge",NA,1,2,NA,1,2,0.941594014896296,"Eukaryota;Chordata;Actinopteri;Perciformes;Hexagrammidae;Oxylebius;Oxylebius pictus"
"merged_c19_fishcard_133","Outside",NA,1,1,NA,1,1,0.788663036413273,"Eukaryota;Chordata;Actinopteri;Perciformes;Hexagrammidae;Oxylebius;Oxylebius pictus"
"merged_c19_fishcard_134","Edge",NA,3,NA,NA,3,NA,0.989721471693177,"Eukaryota;Chordata;Actinopteri;Tetraodontiformes;Balistidae;Balistes;Balistes polylepis"
"merged_c19_fishcard_134","Outside",1,1,NA,1,1,NA,0.796051072786437,"Eukaryota;Chordata;Actinopteri;Tetraodontiformes;Balistidae;Balistes;Balistes polylepis"
"merged_c19_fishcard_14","Edge",2,NA,1,2,NA,1,0.953699352573773,"Eukaryota;Chordata;Actinopteri;NA;Pomacentridae;Hypsypops;Hypsypops rubicundus"
"merged_c19_fishcard_14","Outside",1,NA,2,1,NA,2,0.946555297599711,"Eukaryota;Chordata;Actinopteri;NA;Pomacentridae;Hypsypops;Hypsypops rubicundus"
"merged_c19_fishcard_140","Edge",2,2,3,2,2,3,0.993184638960708,""
"merged_c19_fishcard_140","MPA",2,NA,NA,2,NA,NA,0.940745219693381,""
"merged_c19_fishcard_140","Outside",3,3,3,3,3,3,0.996889153156853,""
"merged_c19_fishcard_141","Edge",2,1,1,2,1,1,0.952488951727658,"Eukaryota;Chordata;Actinopteri;Blenniiformes;Clinidae;Gibbonsia;Gibbonsia montereyensis"
"merged_c19_fishcard_141","Outside",1,2,1,1,2,1,0.954185385360974,"Eukaryota;Chordata;Actinopteri;Blenniiformes;Clinidae;Gibbonsia;Gibbonsia montereyensis"
"merged_c19_fishcard_142","Outside",1,NA,1,1,NA,1,0.797983480174642,"Eukaryota;Chordata;Actinopteri;Labriformes;Labridae;Oxyjulis;Oxyjulis californica"
"merged_c19_fishcard_145","Edge",1,2,2,1,2,2,0.959147869442985,""
"merged_c19_fishcard_145","MPA",1,NA,2,1,NA,2,0.946555297599711,""
"merged_c19_fishcard_145","Outside",1,1,2,1,1,2,0.957994035224935,""
"merged_c19_fishcard_146","Edge",3,3,3,3,3,3,0.996889153156853,""
"merged_c19_fishcard_146","MPA",3,3,3,3,3,3,0.996889153156853,""
"merged_c19_fishcard_146","Outside",3,3,3,3,3,3,0.996889153156853,""
"merged_c19_fishcard_147","MPA",NA,2,NA,NA,2,NA,0.926742309319624,"Eukaryota;Chordata;Actinopteri;Clupeiformes;Clupeidae;Sardinops;Sardinops sagax"
"merged_c19_fishcard_147","Outside",NA,1,1,NA,1,1,0.788663036413273,"Eukaryota;Chordata;Actinopteri;Clupeiformes;Clupeidae;Sardinops;Sardinops sagax"
"merged_c19_fishcard_148","Outside",1,NA,NA,1,NA,NA,0.736441682296023,"Eukaryota;Chordata;Actinopteri;Tetraodontiformes;Molidae;Mola;Mola mola"
"merged_c19_fishcard_150","Outside",NA,1,2,NA,1,2,0.941594014896296,"Eukaryota;Chordata;Actinopteri;Labriformes;Labridae;Oxyjulis;Oxyjulis californica"
"merged_c19_fishcard_152","MPA",1,NA,NA,1,NA,NA,0.736441682296023,"Eukaryota;Chordata;Actinopteri;Perciformes;Scorpaenidae;Scorpaenodes;Scorpaenodes xyris"
"merged_c19_fishcard_152","Outside",1,1,2,1,1,2,0.957994035224935,"Eukaryota;Chordata;Actinopteri;Perciformes;Scorpaenidae;Scorpaenodes;Scorpaenodes xyris"
"merged_c19_fishcard_157","Edge",NA,2,NA,NA,2,NA,0.926742309319624,""
"merged_c19_fishcard_159","Edge",NA,1,1,NA,1,1,0.788663036413273,""
"merged_c19_fishcard_16","Outside",1,2,1,1,2,1,0.954185385360974,"Eukaryota;Chordata;Actinopteri;Blenniiformes;Clinidae;Gibbonsia;"
"merged_c19_fishcard_162","Edge",3,2,3,3,2,3,0.996686585852729,""
"merged_c19_fishcard_162","MPA",3,1,3,3,1,3,0.993132366332246,""
"merged_c19_fishcard_162","Outside",NA,3,1,NA,3,1,0.992589373631577,""
"merged_c19_fishcard_168","MPA",NA,1,1,NA,1,1,0.788663036413273,"Eukaryota;Chordata;Actinopteri;Blenniiformes;Chaenopsidae;Chaenopsis;Chaenopsis alepidota"
"merged_c19_fishcard_169","Edge",NA,2,NA,NA,2,NA,0.926742309319624,""
"merged_c19_fishcard_169","MPA",3,1,2,3,1,2,0.990506655728654,""
"merged_c19_fishcard_17","Outside",NA,3,2,NA,3,2,0.992326250581751,""
"merged_c19_fishcard_170","MPA",1,NA,NA,1,NA,NA,0.736441682296023,"Eukaryota;Chordata;Actinopteri;Perciformes;Serranidae;Paralabrax;Paralabrax clathratus"
"merged_c19_fishcard_172","Edge",3,3,3,3,3,3,0.996889153156853,""
"merged_c19_fishcard_172","MPA",3,NA,NA,3,NA,NA,0.989737478204834,""
"merged_c19_fishcard_172","Outside",1,3,NA,1,3,NA,0.992406151898894,""
"merged_c19_fishcard_177","Outside",NA,1,2,NA,1,2,0.941594014896296,"Eukaryota;Chordata;Actinopteri;Blenniiformes;Gobiesocidae;Rimicola;Rimicola muscarum"
"merged_c19_fishcard_179","Edge",3,3,3,3,3,3,0.996889153156853,""
"merged_c19_fishcard_179","MPA",1,NA,NA,1,NA,NA,0.736441682296023,""
"merged_c19_fishcard_18","Edge",3,3,3,3,3,3,0.996889153156853,"Eukaryota;Chordata;Actinopteri;;Pomacentridae;Chromis;Chromis punctipinnis"
"merged_c19_fishcard_18","MPA",3,3,3,3,3,3,0.996889153156853,"Eukaryota;Chordata;Actinopteri;;Pomacentridae;Chromis;Chromis punctipinnis"
"merged_c19_fishcard_18","Outside",3,3,3,3,3,3,0.996889153156853,"Eukaryota;Chordata;Actinopteri;;Pomacentridae;Chromis;Chromis punctipinnis"
"merged_c19_fishcard_180","Edge",1,NA,NA,1,NA,NA,0.736441682296023,"Eukaryota;Chordata;Actinopteri;Clupeiformes;Engraulidae;Engraulis;Engraulis mordax"
"merged_c19_fishcard_182","Edge",NA,NA,2,NA,NA,2,0.923755719782754,"Eukaryota;Chordata;Actinopteri;Perciformes;Sebastidae;Sebastes;"
"merged_c19_fishcard_183","Edge",NA,2,1,NA,2,1,0.942561882885745,""
"merged_c19_fishcard_183","Outside",NA,1,1,NA,1,1,0.788663036413273,""
"merged_c19_fishcard_184","Edge",2,2,2,2,2,2,0.963913666561673,""
"merged_c19_fishcard_184","MPA",2,NA,1,2,NA,1,0.953699352573773,""
"merged_c19_fishcard_184","Outside",1,2,NA,1,2,NA,0.94484557152455,""
"merged_c19_fishcard_185","Edge",3,3,3,3,3,3,0.996889153156853,""
"merged_c19_fishcard_185","MPA",3,1,3,3,1,3,0.993132366332246,""
"merged_c19_fishcard_185","Outside",2,3,3,2,3,3,0.996856906653569,""
"merged_c19_fishcard_188","Edge",2,2,2,2,2,2,0.963913666561673,""
"merged_c19_fishcard_188","Outside",1,2,2,1,2,2,0.959147869442985,""
"merged_c19_fishcard_192","Outside",1,NA,NA,1,NA,NA,0.736441682296023,"Eukaryota;Chordata;Actinopteri;Anguilliformes;Congridae;Gnathophis;Gnathophis bathytopos"
"merged_c19_fishcard_193","Edge",1,NA,1,1,NA,1,0.797983480174642,""
"merged_c19_fishcard_194","Edge",2,NA,NA,2,NA,NA,0.940745219693381,""
"merged_c19_fishcard_194","MPA",3,3,1,3,3,1,0.994116086357439,""
"merged_c19_fishcard_194","Outside",NA,1,3,NA,1,3,0.992598576029537,""
"merged_c19_fishcard_197","Edge",2,3,2,2,3,2,0.993738417769699,""
"merged_c19_fishcard_197","Outside",NA,2,1,NA,2,1,0.942561882885745,""
"merged_c19_fishcard_198","Edge",2,1,NA,2,1,NA,0.945214687474137,""
"merged_c19_fishcard_198","MPA",2,NA,NA,2,NA,NA,0.940745219693381,""
"merged_c19_fishcard_2","Edge",2,NA,1,2,NA,1,0.953699352573773,"Eukaryota;Chordata;Actinopteri;Labriformes;Labridae;Halichoeres;Halichoeres semicinctus"
"merged_c19_fishcard_2","MPA",2,NA,2,2,NA,2,0.954775333446063,"Eukaryota;Chordata;Actinopteri;Labriformes;Labridae;Halichoeres;Halichoeres semicinctus"
"merged_c19_fishcard_2","Outside",NA,2,3,NA,2,3,0.991968983523176,"Eukaryota;Chordata;Actinopteri;Labriformes;Labridae;Halichoeres;Halichoeres semicinctus"
"merged_c19_fishcard_20","Edge",NA,1,1,NA,1,1,0.788663036413273,"Eukaryota;Chordata;Actinopteri;Anguilliformes;Muraenidae;Gymnothorax;Gymnothorax mordax"
"merged_c19_fishcard_20","MPA",NA,1,2,NA,1,2,0.941594014896296,"Eukaryota;Chordata;Actinopteri;Anguilliformes;Muraenidae;Gymnothorax;Gymnothorax mordax"
"merged_c19_fishcard_20","Outside",NA,1,2,NA,1,2,0.941594014896296,"Eukaryota;Chordata;Actinopteri;Anguilliformes;Muraenidae;Gymnothorax;Gymnothorax mordax"
"merged_c19_fishcard_201","Edge",2,2,1,2,2,1,0.964561074160648,""
"merged_c19_fishcard_201","Outside",NA,1,2,NA,1,2,0.941594014896296,""
"merged_c19_fishcard_204","Edge",1,NA,1,1,NA,1,0.797983480174642,"Eukaryota;Chordata;Actinopteri;Blenniiformes;Labrisomidae;Alloclinus;Alloclinus holderi"
"merged_c19_fishcard_206","Edge",3,1,2,3,1,2,0.990506655728654,""
"merged_c19_fishcard_206","MPA",2,NA,NA,2,NA,NA,0.940745219693381,""
"merged_c19_fishcard_206","Outside",2,2,2,2,2,2,0.963913666561673,""
"merged_c19_fishcard_209","Edge",1,NA,NA,1,NA,NA,0.736441682296023,""
"merged_c19_fishcard_209","MPA",1,1,NA,1,1,NA,0.796051072786437,""
"merged_c19_fishcard_209","Outside",1,2,2,1,2,2,0.959147869442985,""
"merged_c19_fishcard_21","Edge",NA,2,1,NA,2,1,0.942561882885745,"Eukaryota;Chordata;Actinopteri;Carangiformes;Carangidae;Trachurus;Trachurus symmetricus"
"merged_c19_fishcard_21","MPA",3,3,2,3,3,2,0.994289677457061,"Eukaryota;Chordata;Actinopteri;Carangiformes;Carangidae;Trachurus;Trachurus symmetricus"
"merged_c19_fishcard_21","Outside",1,2,1,1,2,1,0.954185385360974,"Eukaryota;Chordata;Actinopteri;Carangiformes;Carangidae;Trachurus;Trachurus symmetricus"
"merged_c19_fishcard_219","Edge",3,3,3,3,3,3,0.996889153156853,""
"merged_c19_fishcard_219","MPA",3,NA,1,3,NA,1,0.986525932988294,""
"merged_c19_fishcard_219","Outside",1,1,3,1,1,3,0.987210266418658,""
"merged_c19_fishcard_220","MPA",1,1,2,1,1,2,0.957994035224935,""
"merged_c19_fishcard_223","Edge",3,3,3,3,3,3,0.996889153156853,""
"merged_c19_fishcard_223","MPA",3,1,2,3,1,2,0.990506655728654,""
"merged_c19_fishcard_223","Outside",NA,1,1,NA,1,1,0.788663036413273,""
"merged_c19_fishcard_226","Edge",3,3,3,3,3,3,0.996889153156853,""
"merged_c19_fishcard_226","MPA",3,2,3,3,2,3,0.996686585852729,""
"merged_c19_fishcard_228","Edge",NA,2,2,NA,2,2,0.956179809563659,""
"merged_c19_fishcard_23","Edge",3,3,3,3,3,3,0.996889153156853,""
"merged_c19_fishcard_23","MPA",3,2,3,3,2,3,0.996686585852729,""
"merged_c19_fishcard_23","Outside",3,3,3,3,3,3,0.996889153156853,""
"merged_c19_fishcard_232","Edge",3,1,1,3,1,1,0.994677719000597,""
"merged_c19_fishcard_239","MPA",1,NA,NA,1,NA,NA,0.736441682296023,"Eukaryota;Chordata;Actinopteri;Clupeiformes;Engraulidae;Engraulis;Engraulis mordax"
"merged_c19_fishcard_24","Edge",1,1,2,1,1,2,0.957994035224935,"Eukaryota;Chordata;Actinopteri;Blenniiformes;Blenniidae;Hypsoblennius;Hypsoblennius jenkinsi"
"merged_c19_fishcard_24","Outside",2,1,2,2,1,2,0.960796262301206,"Eukaryota;Chordata;Actinopteri;Blenniiformes;Blenniidae;Hypsoblennius;Hypsoblennius jenkinsi"
"merged_c19_fishcard_244","Edge",3,3,3,3,3,3,0.996889153156853,""
"merged_c19_fishcard_246","Edge",1,3,2,1,3,2,0.991524594670053,""
"merged_c19_fishcard_246","MPA",1,1,NA,1,1,NA,0.796051072786437,""
"merged_c19_fishcard_247","Outside",1,1,3,1,1,3,0.987210266418658,""
"merged_c19_fishcard_248","Outside",1,NA,NA,1,NA,NA,0.736441682296023,"Eukaryota;Chordata;Actinopteri;Centrarchiformes;Kyphosidae;Medialuna;Medialuna californiensis"
"merged_c19_fishcard_25","Edge",NA,1,1,NA,1,1,0.788663036413273,"Eukaryota;Chordata;Actinopteri;Atheriniformes;Atherinopsidae;Atherinops;Atherinops affinis"
"merged_c19_fishcard_25","MPA",1,NA,NA,1,NA,NA,0.736441682296023,"Eukaryota;Chordata;Actinopteri;Atheriniformes;Atherinopsidae;Atherinops;Atherinops affinis"
"merged_c19_fishcard_251","Edge",1,NA,NA,1,NA,NA,0.736441682296023,"Eukaryota;Chordata;Actinopteri;Carangiformes;Carangidae;Seriola;Seriola lalandi"
"merged_c19_fishcard_257","Edge",1,1,NA,1,1,NA,0.796051072786437,""
"merged_c19_fishcard_26","Edge",2,1,2,2,1,2,0.960796262301206,"Eukaryota;Chordata;Actinopteri;;Embiotocidae;Rhacochilus;Rhacochilus vacca"
"merged_c19_fishcard_26","MPA",2,3,3,2,3,3,0.996856906653569,"Eukaryota;Chordata;Actinopteri;;Embiotocidae;Rhacochilus;Rhacochilus vacca"
"merged_c19_fishcard_26","Outside",3,1,3,3,1,3,0.993132366332246,"Eukaryota;Chordata;Actinopteri;;Embiotocidae;Rhacochilus;Rhacochilus vacca"
"merged_c19_fishcard_260","Edge",1,2,1,1,2,1,0.954185385360974,""
"merged_c19_fishcard_260","Outside",1,2,2,1,2,2,0.959147869442985,""
"merged_c19_fishcard_261","Edge",1,2,NA,1,2,NA,0.94484557152455,""
"merged_c19_fishcard_262","Outside",NA,1,1,NA,1,1,0.788663036413273,"Eukaryota;Chordata;Actinopteri;Pempheriformes;Polyprionidae;Stereolepis;Stereolepis gigas"
"merged_c19_fishcard_263","Edge",3,2,2,3,2,2,0.994357682488224,""
"merged_c19_fishcard_263","MPA",2,NA,NA,2,NA,NA,0.940745219693381,""
"merged_c19_fishcard_268","Edge",1,1,NA,1,1,NA,0.796051072786437,""
"merged_c19_fishcard_268","Outside",NA,1,1,NA,1,1,0.788663036413273,""
"merged_c19_fishcard_269","Edge",3,3,3,3,3,3,0.996889153156853,""
"merged_c19_fishcard_269","MPA",2,1,1,2,1,1,0.952488951727658,""
"merged_c19_fishcard_269","Outside",NA,NA,2,NA,NA,2,0.923755719782754,""
"merged_c19_fishcard_274","Edge",1,1,NA,1,1,NA,0.796051072786437,""
"merged_c19_fishcard_274","Outside",1,1,1,1,1,1,0.835717624389857,""
"merged_c19_fishcard_275","Outside",NA,1,3,NA,1,3,0.992598576029537,""
"merged_c19_fishcard_277","Edge",2,2,1,2,2,1,0.964561074160648,""
"merged_c19_fishcard_277","MPA",2,NA,1,2,NA,1,0.953699352573773,""
"merged_c19_fishcard_277","Outside",NA,1,2,NA,1,2,0.941594014896296,""
"merged_c19_fishcard_28","Edge",3,2,2,3,2,2,0.994357682488224,""
"merged_c19_fishcard_28","MPA",3,1,2,3,1,2,0.990506655728654,""
"merged_c19_fishcard_28","Outside",1,3,2,1,3,2,0.991524594670053,""
"merged_c19_fishcard_282","Edge",1,2,NA,1,2,NA,0.94484557152455,""
"merged_c19_fishcard_287","Outside",NA,1,2,NA,1,2,0.941594014896296,""
"merged_c19_fishcard_29","MPA",3,2,2,3,2,2,0.994357682488224,"Eukaryota;Chordata;Actinopteri;Blenniiformes;Clinidae;Heterostichus;Heterostichus rostratus"
"merged_c19_fishcard_29","Outside",1,NA,2,1,NA,2,0.946555297599711,"Eukaryota;Chordata;Actinopteri;Blenniiformes;Clinidae;Heterostichus;Heterostichus rostratus"
"merged_c19_fishcard_290","MPA",NA,2,NA,NA,2,NA,0.926742309319624,""
"merged_c19_fishcard_290","Outside",NA,NA,2,NA,NA,2,0.923755719782754,""
"merged_c19_fishcard_292","MPA",1,NA,NA,1,NA,NA,0.736441682296023,"Eukaryota;Chordata;Actinopteri;Perciformes;Serranidae;Paralabrax;Paralabrax clathratus"
"merged_c19_fishcard_293","Edge",1,NA,1,1,NA,1,0.797983480174642,""
"merged_c19_fishcard_293","MPA",1,NA,NA,1,NA,NA,0.736441682296023,""
"merged_c19_fishcard_293","Outside",1,2,1,1,2,1,0.954185385360974,""
"merged_c19_fishcard_295","Edge",NA,2,NA,NA,2,NA,0.926742309319624,""
"merged_c19_fishcard_295","MPA",2,NA,1,2,NA,1,0.953699352573773,""
"merged_c19_fishcard_297","Edge",2,3,2,2,3,2,0.993738417769699,""
"merged_c19_fishcard_298","Edge",NA,2,NA,NA,2,NA,0.926742309319624,""
"merged_c19_fishcard_298","MPA",2,NA,NA,2,NA,NA,0.940745219693381,""
"merged_c19_fishcard_298","Outside",1,2,1,1,2,1,0.954185385360974,""
"merged_c19_fishcard_3","Edge",3,1,3,3,1,3,0.993132366332246,"Eukaryota;Chordata;Actinopteri;Centrarchiformes;Kyphosidae;Girella;Girella nigricans"
"merged_c19_fishcard_3","MPA",3,3,3,3,3,3,0.996889153156853,"Eukaryota;Chordata;Actinopteri;Centrarchiformes;Kyphosidae;Girella;Girella nigricans"
"merged_c19_fishcard_3","Outside",3,3,3,3,3,3,0.996889153156853,"Eukaryota;Chordata;Actinopteri;Centrarchiformes;Kyphosidae;Girella;Girella nigricans"
"merged_c19_fishcard_300","Edge",3,3,3,3,3,3,0.996889153156853,""
"merged_c19_fishcard_300","MPA",3,NA,1,3,NA,1,0.986525932988294,""
"merged_c19_fishcard_300","Outside",1,3,3,1,3,3,0.99403338914117,""
"merged_c19_fishcard_302","MPA",1,NA,NA,1,NA,NA,0.736441682296023,"Eukaryota;Chordata;Actinopteri;Acanthuriformes;Acanthuridae;Ctenochaetus;Ctenochaetus binotatus"
"merged_c19_fishcard_308","Edge",3,3,2,3,3,2,0.994289677457061,""
"merged_c19_fishcard_308","Outside",1,2,2,1,2,2,0.959147869442985,""
"merged_c19_fishcard_31","Edge",3,3,3,3,3,3,0.996889153156853,""
"merged_c19_fishcard_31","MPA",3,3,3,3,3,3,0.996889153156853,""
"merged_c19_fishcard_31","Outside",3,3,3,3,3,3,0.996889153156853,""
"merged_c19_fishcard_310","Edge",2,2,2,2,2,2,0.963913666561673,""
"merged_c19_fishcard_311","MPA",1,NA,NA,1,NA,NA,0.736441682296023,""
"merged_c19_fishcard_311","Outside",NA,1,3,NA,1,3,0.992598576029537,""
"merged_c19_fishcard_315","Edge",2,3,3,2,3,3,0.996856906653569,""
"merged_c19_fishcard_315","MPA",3,2,NA,3,2,NA,0.992020778076887,""
"merged_c19_fishcard_315","Outside",NA,1,1,NA,1,1,0.788663036413273,""
"merged_c19_fishcard_317","Edge",1,NA,NA,1,NA,NA,0.736441682296023,"Eukaryota;Chordata;Actinopteri;Labriformes;Labridae;Halichoeres;Halichoeres semicinctus"
"merged_c19_fishcard_32","Edge",3,3,3,3,3,3,0.996889153156853,""
"merged_c19_fishcard_32","MPA",3,3,3,3,3,3,0.996889153156853,""
"merged_c19_fishcard_32","Outside",3,3,3,3,3,3,0.996889153156853,""
"merged_c19_fishcard_323","MPA",1,NA,NA,1,NA,NA,0.736441682296023,"Eukaryota;Chordata;Actinopteri;Scombriformes;Stromateidae;Peprilus;Peprilus medius"
"merged_c19_fishcard_327","Edge",NA,2,NA,NA,2,NA,0.926742309319624,""
"merged_c19_fishcard_328","Outside",NA,2,2,NA,2,2,0.956179809563659,""
"merged_c19_fishcard_330","Edge",3,3,3,3,3,3,0.996889153156853,"Eukaryota;Chordata;Chondrichthyes;Myliobatiformes;Myliobatidae;Myliobatis;Myliobatis californica"
"merged_c19_fishcard_330","MPA",2,NA,1,2,NA,1,0.953699352573773,"Eukaryota;Chordata;Chondrichthyes;Myliobatiformes;Myliobatidae;Myliobatis;Myliobatis californica"
"merged_c19_fishcard_330","Outside",1,2,2,1,2,2,0.959147869442985,"Eukaryota;Chordata;Chondrichthyes;Myliobatiformes;Myliobatidae;Myliobatis;Myliobatis californica"
"merged_c19_fishcard_332","Edge",2,1,2,2,1,2,0.960796262301206,""
"merged_c19_fishcard_332","MPA",2,1,3,2,1,3,0.991729114129214,""
"merged_c19_fishcard_332","Outside",NA,1,1,NA,1,1,0.788663036413273,""
"merged_c19_fishcard_333","Edge",NA,2,NA,NA,2,NA,0.926742309319624,"Eukaryota;Chordata;Actinopteri;Perciformes;Sebastidae;Sebastes;"
"merged_c19_fishcard_333","MPA",1,NA,NA,1,NA,NA,0.736441682296023,"Eukaryota;Chordata;Actinopteri;Perciformes;Sebastidae;Sebastes;"
"merged_c19_fishcard_333","Outside",1,NA,1,1,NA,1,0.797983480174642,"Eukaryota;Chordata;Actinopteri;Perciformes;Sebastidae;Sebastes;"
"merged_c19_fishcard_337","Edge",NA,2,2,NA,2,2,0.956179809563659,""
"merged_c19_fishcard_338","Edge",1,NA,1,1,NA,1,0.797983480174642,""
"merged_c19_fishcard_339","Outside",NA,1,1,NA,1,1,0.788663036413273,""
"merged_c19_fishcard_344","MPA",1,NA,NA,1,NA,NA,0.736441682296023,"Eukaryota;Chordata;Actinopteri;Clupeiformes;Engraulidae;Engraulis;Engraulis mordax"
"merged_c19_fishcard_35","Outside",1,NA,2,1,NA,2,0.946555297599711,"Eukaryota;Chordata;Actinopteri;Blenniiformes;Labrisomidae;Paraclinus;Paraclinus integripinnis"
"merged_c19_fishcard_350","Edge",1,2,NA,1,2,NA,0.94484557152455,""
"merged_c19_fishcard_350","Outside",1,NA,NA,1,NA,NA,0.736441682296023,""
"merged_c19_fishcard_351","Outside",1,NA,NA,1,NA,NA,0.736441682296023,"Eukaryota;Chordata;Actinopteri;Pleuronectiformes;Paralichthyidae;Citharichthys;Citharichthys sordidus"
"merged_c19_fishcard_36","Edge",2,3,1,2,3,1,0.991997243328819,"Eukaryota;Chordata;Actinopteri;;Embiotocidae;Embiotoca;Embiotoca jacksoni"
"merged_c19_fishcard_36","MPA",1,2,2,1,2,2,0.959147869442985,"Eukaryota;Chordata;Actinopteri;;Embiotocidae;Embiotoca;Embiotoca jacksoni"
"merged_c19_fishcard_36","Outside",2,2,3,2,2,3,0.993184638960708,"Eukaryota;Chordata;Actinopteri;;Embiotocidae;Embiotoca;Embiotoca jacksoni"
"merged_c19_fishcard_363","Edge",3,2,1,3,2,1,0.992721243874162,""
"merged_c19_fishcard_363","MPA",1,NA,NA,1,NA,NA,0.736441682296023,""
"merged_c19_fishcard_363","Outside",1,2,1,1,2,1,0.954185385360974,""
"merged_c19_fishcard_364","MPA",1,NA,NA,1,NA,NA,0.736441682296023,"Eukaryota;Chordata;Actinopteri;Labriformes;Labridae;Oxyjulis;Oxyjulis californica"
"merged_c19_fishcard_369","Outside",2,NA,NA,2,NA,NA,0.940745219693381,"Eukaryota;Chordata;Actinopteri;Perciformes;Cottidae;Ruscarius;Ruscarius creaseri"
"merged_c19_fishcard_37","Outside",NA,NA,2,NA,NA,2,0.923755719782754,"Eukaryota;Chordata;Actinopteri;Atheriniformes;Atherinopsidae;Atherinops;Atherinops affinis"
"merged_c19_fishcard_379","Edge",1,NA,NA,1,NA,NA,0.736441682296023,"Eukaryota;Chordata;Actinopteri;Labriformes;Labridae;Oxyjulis;Oxyjulis californica"
"merged_c19_fishcard_385","Edge",2,2,1,2,2,1,0.964561074160648,""
"merged_c19_fishcard_385","MPA",2,1,2,2,1,2,0.960796262301206,""
"merged_c19_fishcard_387","Edge",1,NA,NA,1,NA,NA,0.736441682296023,"Eukaryota;Chordata;Actinopteri;Clupeiformes;Engraulidae;Engraulis;Engraulis mordax"
"merged_c19_fishcard_392","Edge",1,NA,2,1,NA,2,0.946555297599711,""
"merged_c19_fishcard_392","Outside",2,1,3,2,1,3,0.991729114129214,""
"merged_c19_fishcard_396","Edge",NA,1,1,NA,1,1,0.788663036413273,"Eukaryota;Chordata;Actinopteri;Clupeiformes;Engraulidae;Engraulis;Engraulis mordax"
"merged_c19_fishcard_4","Edge",3,3,3,3,3,3,0.996889153156853,"Eukaryota;Chordata;Actinopteri;Labriformes;Labridae;Semicossyphus;Semicossyphus pulcher"
"merged_c19_fishcard_4","MPA",3,3,2,3,3,2,0.994289677457061,"Eukaryota;Chordata;Actinopteri;Labriformes;Labridae;Semicossyphus;Semicossyphus pulcher"
"merged_c19_fishcard_4","Outside",3,3,3,3,3,3,0.996889153156853,"Eukaryota;Chordata;Actinopteri;Labriformes;Labridae;Semicossyphus;Semicossyphus pulcher"
"merged_c19_fishcard_403","Edge",1,NA,NA,1,NA,NA,0.736441682296023,""
"merged_c19_fishcard_403","MPA",2,1,NA,2,1,NA,0.945214687474137,""
"merged_c19_fishcard_404","Edge",2,NA,NA,2,NA,NA,0.940745219693381,""
"merged_c19_fishcard_406","Edge",1,NA,NA,1,NA,NA,0.736441682296023,"Eukaryota;Chordata;Actinopteri;NA;Sphyraenidae;Sphyraena;Sphyraena argentea"
"merged_c19_fishcard_41","Edge",NA,2,NA,NA,2,NA,0.926742309319624,""
"merged_c19_fishcard_41","MPA",1,1,NA,1,1,NA,0.796051072786437,""
"merged_c19_fishcard_410","MPA",1,NA,NA,1,NA,NA,0.736441682296023,"Eukaryota;Chordata;Actinopteri;Perciformes;Serranidae;Paralabrax;Paralabrax clathratus"
"merged_c19_fishcard_413","Edge",2,1,NA,2,1,NA,0.945214687474137,""
"merged_c19_fishcard_413","MPA",2,1,NA,2,1,NA,0.945214687474137,""
"merged_c19_fishcard_418","Edge",1,NA,NA,1,NA,NA,0.736441682296023,"Eukaryota;Chordata;Actinopteri;NA;Sphyraenidae;Sphyraena;Sphyraena argentea"
"merged_c19_fishcard_424","Edge",2,2,1,2,2,1,0.964561074160648,""
"merged_c19_fishcard_424","MPA",1,NA,NA,1,NA,NA,0.736441682296023,""
"merged_c19_fishcard_424","Outside",NA,3,NA,NA,3,NA,0.989721471693177,""
"merged_c19_fishcard_425","Edge",3,3,1,3,3,1,0.994116086357439,""
"merged_c19_fishcard_425","MPA",1,NA,NA,1,NA,NA,0.736441682296023,""
"merged_c19_fishcard_425","Outside",NA,1,1,NA,1,1,0.788663036413273,""
"merged_c19_fishcard_427","MPA",1,NA,NA,1,NA,NA,0.736441682296023,"Eukaryota;Chordata;Actinopteri;Salmoniformes;Salmonidae;Salmo;Salmo salar"
"merged_c19_fishcard_43","Outside",1,3,2,1,3,2,0.991524594670053,"Eukaryota;Chordata;Actinopteri;Carangiformes;Carangidae;Seriola;Seriola lalandi"
"merged_c19_fishcard_439","Edge",1,NA,NA,1,NA,NA,0.736441682296023,""
"merged_c19_fishcard_439","MPA",1,1,NA,1,1,NA,0.796051072786437,""
"merged_c19_fishcard_44","Edge",3,3,3,3,3,3,0.996889153156853,""
"merged_c19_fishcard_44","MPA",3,1,2,3,1,2,0.990506655728654,""
"merged_c19_fishcard_44","Outside",3,3,3,3,3,3,0.996889153156853,""
"merged_c19_fishcard_440","Edge",NA,1,1,NA,1,1,0.788663036413273,""
"merged_c19_fishcard_440","MPA",1,NA,NA,1,NA,NA,0.736441682296023,""
"merged_c19_fishcard_441","Edge",1,3,1,1,3,1,0.992771616606629,""
"merged_c19_fishcard_442","Edge",NA,1,1,NA,1,1,0.788663036413273,""
"merged_c19_fishcard_442","MPA",NA,NA,2,NA,NA,2,0.923755719782754,""
"merged_c19_fishcard_443","Edge",1,1,NA,1,1,NA,0.796051072786437,""
"merged_c19_fishcard_443","Outside",1,NA,NA,1,NA,NA,0.736441682296023,""
"merged_c19_fishcard_45","Edge",3,3,3,3,3,3,0.996889153156853,""
"merged_c19_fishcard_45","MPA",3,NA,2,3,NA,2,0.992262330957954,""
"merged_c19_fishcard_450","Edge",1,2,1,1,2,1,0.954185385360974,""
"merged_c19_fishcard_452","Outside",NA,NA,2,NA,NA,2,0.923755719782754,"Eukaryota;Chordata;Chondrichthyes;Heterodontiformes;Heterodontidae;Heterodontus;Heterodontus francisci"
"merged_c19_fishcard_457","Edge",1,1,NA,1,1,NA,0.796051072786437,""
"merged_c19_fishcard_457","MPA",2,NA,NA,2,NA,NA,0.940745219693381,""
"merged_c19_fishcard_46","Outside",NA,1,2,NA,1,2,0.941594014896296,"Eukaryota;Chordata;Actinopteri;Labriformes;Labridae;Halichoeres;Halichoeres semicinctus"
"merged_c19_fishcard_464","Edge",1,1,1,1,1,1,0.835717624389857,""
"merged_c19_fishcard_464","MPA",1,NA,NA,1,NA,NA,0.736441682296023,""
"merged_c19_fishcard_469","Edge",1,NA,NA,1,NA,NA,0.736441682296023,"Eukaryota;Chordata;Actinopteri;;Embiotocidae;Rhacochilus;Rhacochilus vacca"
"merged_c19_fishcard_47","Edge",1,2,NA,1,2,NA,0.94484557152455,""
"merged_c19_fishcard_470","Edge",1,NA,NA,1,NA,NA,0.736441682296023,"Eukaryota;Chordata;Actinopteri;Clupeiformes;Engraulidae;Engraulis;Engraulis mordax"
"merged_c19_fishcard_471","Edge",3,2,2,3,2,2,0.994357682488224,""
"merged_c19_fishcard_471","MPA",1,NA,1,1,NA,1,0.797983480174642,""
"merged_c19_fishcard_471","Outside",NA,3,3,NA,3,3,0.995203811889261,""
"merged_c19_fishcard_476","Outside",1,NA,NA,1,NA,NA,0.736441682296023,""
"merged_c19_fishcard_48","Edge",2,3,3,2,3,3,0.996856906653569,""
"merged_c19_fishcard_48","MPA",2,NA,2,2,NA,2,0.954775333446063,""
"merged_c19_fishcard_48","Outside",3,3,3,3,3,3,0.996889153156853,""
"merged_c19_fishcard_480","Outside",NA,1,1,NA,1,1,0.788663036413273,""
"merged_c19_fishcard_482","Edge",NA,2,NA,NA,2,NA,0.926742309319624,""
"merged_c19_fishcard_49","Edge",1,NA,NA,1,NA,NA,0.736441682296023,""
"merged_c19_fishcard_49","Outside",NA,2,3,NA,2,3,0.991968983523176,""
"merged_c19_fishcard_491","MPA",1,NA,NA,1,NA,NA,0.736441682296023,"Eukaryota;Chordata;Actinopteri;Labriformes;Labridae;Oxyjulis;Oxyjulis californica"
"merged_c19_fishcard_493","Edge",1,1,1,1,1,1,0.835717624389857,""
"merged_c19_fishcard_493","MPA",1,NA,NA,1,NA,NA,0.736441682296023,""
"merged_c19_fishcard_498","Edge",1,NA,NA,1,NA,NA,0.736441682296023,""
"merged_c19_fishcard_498","MPA",1,NA,NA,1,NA,NA,0.736441682296023,""
"merged_c19_fishcard_498","Outside",NA,NA,2,NA,NA,2,0.923755719782754,""
"merged_c19_fishcard_5","Edge",3,NA,2,3,NA,2,0.992262330957954,"Eukaryota;Chordata;Actinopteri;Atheriniformes;Atherinopsidae;Atherinops;Atherinops affinis"
"merged_c19_fishcard_5","MPA",1,2,NA,1,2,NA,0.94484557152455,"Eukaryota;Chordata;Actinopteri;Atheriniformes;Atherinopsidae;Atherinops;Atherinops affinis"
"merged_c19_fishcard_5","Outside",3,3,3,3,3,3,0.996889153156853,"Eukaryota;Chordata;Actinopteri;Atheriniformes;Atherinopsidae;Atherinops;Atherinops affinis"
"merged_c19_fishcard_500","MPA",NA,2,1,NA,2,1,0.942561882885745,""
"merged_c19_fishcard_502","Edge",3,2,3,3,2,3,0.996686585852729,""
"merged_c19_fishcard_502","MPA",1,NA,NA,1,NA,NA,0.736441682296023,""
"merged_c19_fishcard_502","Outside",NA,1,2,NA,1,2,0.941594014896296,""
"merged_c19_fishcard_504","Outside",1,3,1,1,3,1,0.992771616606629,""
"merged_c19_fishcard_505","Edge",1,3,3,1,3,3,0.99403338914117,""
"merged_c19_fishcard_505","MPA",1,NA,NA,1,NA,NA,0.736441682296023,""
"merged_c19_fishcard_505","Outside",1,NA,NA,1,NA,NA,0.736441682296023,""
"merged_c19_fishcard_507","Edge",3,NA,NA,3,NA,NA,0.989737478204834,""
"merged_c19_fishcard_508","Edge",NA,2,NA,NA,2,NA,0.926742309319624,"Eukaryota;Chordata;Actinopteri;Perciformes;Cottidae;Chitonotus;Chitonotus pugetensis"
"merged_c19_fishcard_51","Edge",3,3,3,3,3,3,0.996889153156853,""
"merged_c19_fishcard_51","MPA",3,1,3,3,1,3,0.993132366332246,""
"merged_c19_fishcard_51","Outside",3,3,3,3,3,3,0.996889153156853,""
"merged_c19_fishcard_512","Edge",NA,2,1,NA,2,1,0.942561882885745,""
"merged_c19_fishcard_513","Outside",NA,NA,2,NA,NA,2,0.923755719782754,""
"merged_c19_fishcard_52","Edge",2,3,3,2,3,3,0.996856906653569,""
"merged_c19_fishcard_52","MPA",1,2,2,1,2,2,0.959147869442985,""
"merged_c19_fishcard_52","Outside",3,3,3,3,3,3,0.996889153156853,""
"merged_c19_fishcard_520","Outside",NA,NA,2,NA,NA,2,0.923755719782754,""
"merged_c19_fishcard_524","MPA",1,NA,2,1,NA,2,0.946555297599711,""
"merged_c19_fishcard_53","Edge",3,3,3,3,3,3,0.996889153156853,""
"merged_c19_fishcard_53","MPA",3,3,3,3,3,3,0.996889153156853,""
"merged_c19_fishcard_53","Outside",3,3,3,3,3,3,0.996889153156853,""
"merged_c19_fishcard_532","Edge",1,NA,1,1,NA,1,0.797983480174642,""
"merged_c19_fishcard_533","Edge",3,2,1,3,2,1,0.992721243874162,""
"merged_c19_fishcard_533","MPA",1,NA,NA,1,NA,NA,0.736441682296023,""
"merged_c19_fishcard_537","Edge",3,2,1,3,2,1,0.992721243874162,""
"merged_c19_fishcard_537","MPA",1,NA,1,1,NA,1,0.797983480174642,""
"merged_c19_fishcard_539","Outside",1,NA,NA,1,NA,NA,0.736441682296023,"Eukaryota;Chordata;Actinopteri;Perciformes;Cottidae;Clinocottus;Clinocottus recalvus"
"merged_c19_fishcard_54","Edge",2,2,3,2,2,3,0.993184638960708,"Eukaryota;Chordata;Actinopteri;Pempheriformes;Polyprionidae;Stereolepis;Stereolepis gigas"
"merged_c19_fishcard_54","Outside",3,2,1,3,2,1,0.992721243874162,"Eukaryota;Chordata;Actinopteri;Pempheriformes;Polyprionidae;Stereolepis;Stereolepis gigas"
"merged_c19_fishcard_543","Edge",NA,1,2,NA,1,2,0.941594014896296,""
"merged_c19_fishcard_546","Edge",3,2,NA,3,2,NA,0.992020778076887,""
"merged_c19_fishcard_546","Outside",NA,2,NA,NA,2,NA,0.926742309319624,""
"merged_c19_fishcard_548","Edge",NA,2,NA,NA,2,NA,0.926742309319624,"Eukaryota;Chordata;Actinopteri;Gobiiformes;Gobiidae;Rhinogobiops;Rhinogobiops nicholsii"
"merged_c19_fishcard_548","Outside",1,1,NA,1,1,NA,0.796051072786437,"Eukaryota;Chordata;Actinopteri;Gobiiformes;Gobiidae;Rhinogobiops;Rhinogobiops nicholsii"
"merged_c19_fishcard_550","MPA",1,NA,NA,1,NA,NA,0.736441682296023,"Eukaryota;Chordata;Actinopteri;;Embiotocidae;Rhacochilus;Rhacochilus vacca"
"merged_c19_fishcard_556","Outside",1,NA,NA,1,NA,NA,0.736441682296023,"Eukaryota;Chordata;Actinopteri;Blenniiformes;Gobiesocidae;Gobiesox;Gobiesox rhessodon"
"merged_c19_fishcard_558","Edge",NA,1,1,NA,1,1,0.788663036413273,""
"merged_c19_fishcard_558","MPA",1,NA,NA,1,NA,NA,0.736441682296023,""
"merged_c19_fishcard_559","MPA",1,NA,NA,1,NA,NA,0.736441682296023,"Eukaryota;Chordata;Actinopteri;Atheriniformes;Atherinopsidae;Atherinops;Atherinops affinis"
"merged_c19_fishcard_56","MPA",NA,1,1,NA,1,1,0.788663036413273,"Eukaryota;Chordata;Actinopteri;Perciformes;Scorpaenidae;Scorpaena;Scorpaena guttata"
"merged_c19_fishcard_564","Edge",1,NA,NA,1,NA,NA,0.736441682296023,""
"merged_c19_fishcard_567","Edge",1,NA,NA,1,NA,NA,0.736441682296023,""
"merged_c19_fishcard_568","Outside",1,NA,1,1,NA,1,0.797983480174642,"Eukaryota;Chordata;Actinopteri;Perciformes;Sebastidae;Sebastes;"
"merged_c19_fishcard_569","Edge",1,NA,NA,1,NA,NA,0.736441682296023,""
"merged_c19_fishcard_57","Edge",1,NA,NA,1,NA,NA,0.736441682296023,"Eukaryota;Chordata;Actinopteri;Blenniiformes;Gobiesocidae;Gobiesox;Gobiesox rhessodon"
"merged_c19_fishcard_57","Outside",1,2,NA,1,2,NA,0.94484557152455,"Eukaryota;Chordata;Actinopteri;Blenniiformes;Gobiesocidae;Gobiesox;Gobiesox rhessodon"
"merged_c19_fishcard_575","Edge",2,NA,NA,2,NA,NA,0.940745219693381,""
"merged_c19_fishcard_58","Edge",3,3,3,3,3,3,0.996889153156853,""
"merged_c19_fishcard_58","MPA",3,3,3,3,3,3,0.996889153156853,""
"merged_c19_fishcard_58","Outside",3,3,3,3,3,3,0.996889153156853,""
"merged_c19_fishcard_580","Edge",3,3,2,3,3,2,0.994289677457061,""
"merged_c19_fishcard_580","MPA",2,NA,NA,2,NA,NA,0.940745219693381,""
"merged_c19_fishcard_582","MPA",1,1,NA,1,1,NA,0.796051072786437,"Eukaryota;Chordata;Actinopteri;Carangiformes;Carangidae;Trachurus;Trachurus symmetricus"
"merged_c19_fishcard_584","Edge",1,NA,NA,1,NA,NA,0.736441682296023,"Eukaryota;Chordata;Actinopteri;Pleuronectiformes;Paralichthyidae;Citharichthys;Citharichthys sordidus"
"merged_c19_fishcard_586","Edge",1,2,1,1,2,1,0.954185385360974,""
"merged_c19_fishcard_586","Outside",NA,3,1,NA,3,1,0.992589373631577,""
"merged_c19_fishcard_59","Edge",1,NA,NA,1,NA,NA,0.736441682296023,"Eukaryota;Chordata;Actinopteri;Perciformes;Cottidae;Ruscarius;Ruscarius creaseri"
"merged_c19_fishcard_59","MPA",NA,2,NA,NA,2,NA,0.926742309319624,"Eukaryota;Chordata;Actinopteri;Perciformes;Cottidae;Ruscarius;Ruscarius creaseri"
"merged_c19_fishcard_59","Outside",2,3,2,2,3,2,0.993738417769699,"Eukaryota;Chordata;Actinopteri;Perciformes;Cottidae;Ruscarius;Ruscarius creaseri"
"merged_c19_fishcard_590","Edge",1,NA,NA,1,NA,NA,0.736441682296023,"Eukaryota;Chordata;Actinopteri;NA;Sphyraenidae;Sphyraena;Sphyraena argentea"
"merged_c19_fishcard_593","MPA",1,NA,NA,1,NA,NA,0.736441682296023,""
"merged_c19_fishcard_596","Outside",1,NA,NA,1,NA,NA,0.736441682296023,"Eukaryota;Chordata;Actinopteri;Salmoniformes;Salmonidae;Salmo;Salmo salar"
"merged_c19_fishcard_598","Outside",1,NA,NA,1,NA,NA,0.736441682296023,"Eukaryota;Chordata;Actinopteri;Salmoniformes;Salmonidae;Salmo;Salmo salar"
"merged_c19_fishcard_6","Edge",3,2,1,3,2,1,0.992721243874162,"Eukaryota;Chordata;Actinopteri;Centrarchiformes;Kyphosidae;Medialuna;Medialuna californiensis"
"merged_c19_fishcard_6","MPA",1,2,2,1,2,2,0.959147869442985,"Eukaryota;Chordata;Actinopteri;Centrarchiformes;Kyphosidae;Medialuna;Medialuna californiensis"
"merged_c19_fishcard_6","Outside",2,1,2,2,1,2,0.960796262301206,"Eukaryota;Chordata;Actinopteri;Centrarchiformes;Kyphosidae;Medialuna;Medialuna californiensis"
"merged_c19_fishcard_601","MPA",1,NA,NA,1,NA,NA,0.736441682296023,""
"merged_c19_fishcard_61","Edge",3,3,3,3,3,3,0.996889153156853,""
"merged_c19_fishcard_61","MPA",3,2,2,3,2,2,0.994357682488224,""
"merged_c19_fishcard_61","Outside",3,3,3,3,3,3,0.996889153156853,""
"merged_c19_fishcard_611","Outside",1,1,NA,1,1,NA,0.796051072786437,""
"merged_c19_fishcard_62","Edge",3,3,3,3,3,3,0.996889153156853,""
"merged_c19_fishcard_62","MPA",3,NA,2,3,NA,2,0.992262330957954,""
"merged_c19_fishcard_62","Outside",2,3,3,2,3,3,0.996856906653569,""
"merged_c19_fishcard_620","Edge",1,NA,NA,1,NA,NA,0.736441682296023,"Eukaryota;Chordata;Actinopteri;Beloniformes;Exocoetidae;;"
"merged_c19_fishcard_624","Edge",1,NA,NA,1,NA,NA,0.736441682296023,""
"merged_c19_fishcard_624","MPA",1,NA,NA,1,NA,NA,0.736441682296023,""
"merged_c19_fishcard_628","Edge",2,NA,NA,2,NA,NA,0.940745219693381,""
"merged_c19_fishcard_628","MPA",1,NA,NA,1,NA,NA,0.736441682296023,""
"merged_c19_fishcard_628","Outside",NA,2,1,NA,2,1,0.942561882885745,""
"merged_c19_fishcard_629","Edge",1,NA,NA,1,NA,NA,0.736441682296023,"Eukaryota;Chordata;Actinopteri;Centrarchiformes;Kyphosidae;Medialuna;Medialuna californiensis"
"merged_c19_fishcard_63","Edge",3,3,2,3,3,2,0.994289677457061,""
"merged_c19_fishcard_63","MPA",3,NA,2,3,NA,2,0.992262330957954,""
"merged_c19_fishcard_63","Outside",3,2,3,3,2,3,0.996686585852729,""
"merged_c19_fishcard_631","Edge",1,1,NA,1,1,NA,0.796051072786437,""
"merged_c19_fishcard_636","Edge",1,NA,NA,1,NA,NA,0.736441682296023,""
"merged_c19_fishcard_64","Edge",NA,1,1,NA,1,1,0.788663036413273,"Eukaryota;Chordata;Actinopteri;Blenniiformes;Labrisomidae;Alloclinus;Alloclinus holderi"
"merged_c19_fishcard_640","Outside",1,NA,NA,1,NA,NA,0.736441682296023,"Eukaryota;Chordata;Actinopteri;Carangiformes;Carangidae;Seriola;Seriola lalandi"
"merged_c19_fishcard_642","Edge",1,NA,NA,1,NA,NA,0.736441682296023,"Eukaryota;Chordata;Actinopteri;Gobiiformes;Gobiidae;Typhlogobius;Typhlogobius californiensis"
"merged_c19_fishcard_649","Edge",1,2,1,1,2,1,0.954185385360974,""
"merged_c19_fishcard_649","MPA",2,NA,NA,2,NA,NA,0.940745219693381,""
"merged_c19_fishcard_653","MPA",1,NA,NA,1,NA,NA,0.736441682296023,""
"merged_c19_fishcard_656","Edge",2,2,1,2,2,1,0.964561074160648,""
"merged_c19_fishcard_660","Edge",1,NA,NA,1,NA,NA,0.736441682296023,"Eukaryota;Chordata;Mammalia;Artiodactyla;Delphinidae;;"
"merged_c19_fishcard_663","Edge",1,NA,NA,1,NA,NA,0.736441682296023,""
"merged_c19_fishcard_664","Outside",1,NA,NA,1,NA,NA,0.736441682296023,""
"merged_c19_fishcard_666","Outside",1,NA,NA,1,NA,NA,0.736441682296023,"Eukaryota;Chordata;Actinopteri;Clupeiformes;Engraulidae;Engraulis;Engraulis mordax"
"merged_c19_fishcard_668","Outside",NA,3,NA,NA,3,NA,0.989721471693177,""
"merged_c19_fishcard_67","Edge",1,1,NA,1,1,NA,0.796051072786437,"Eukaryota;Chordata;Actinopteri;Pleuronectiformes;Paralichthyidae;Citharichthys;Citharichthys stigmaeus"
"merged_c19_fishcard_67","Outside",2,1,1,2,1,1,0.952488951727658,"Eukaryota;Chordata;Actinopteri;Pleuronectiformes;Paralichthyidae;Citharichthys;Citharichthys stigmaeus"
"merged_c19_fishcard_674","Edge",NA,1,1,NA,1,1,0.788663036413273,""
"merged_c19_fishcard_674","MPA",1,NA,NA,1,NA,NA,0.736441682296023,""
"merged_c19_fishcard_675","Edge",3,1,NA,3,1,NA,0.987734988953838,""
"merged_c19_fishcard_675","MPA",1,NA,NA,1,NA,NA,0.736441682296023,""
"merged_c19_fishcard_677","Edge",2,1,NA,2,1,NA,0.945214687474137,""
"merged_c19_fishcard_679","Edge",1,NA,NA,1,NA,NA,0.736441682296023,"Eukaryota;Chordata;Actinopteri;Pleuronectiformes;Pleuronectidae;Pleuronichthys;Pleuronichthys decurrens"
"merged_c19_fishcard_679","MPA",1,NA,1,1,NA,1,0.797983480174642,"Eukaryota;Chordata;Actinopteri;Pleuronectiformes;Pleuronectidae;Pleuronichthys;Pleuronichthys decurrens"
"merged_c19_fishcard_680","Edge",NA,2,1,NA,2,1,0.942561882885745,""
"merged_c19_fishcard_685","Edge",1,NA,NA,1,NA,NA,0.736441682296023,""
"merged_c19_fishcard_689","Edge",2,1,NA,2,1,NA,0.945214687474137,""
"merged_c19_fishcard_69","MPA",3,2,NA,3,2,NA,0.992020778076887,"Eukaryota;Chordata;Actinopteri;NA;Embiotocidae;Brachyistius;Brachyistius frenatus"
"merged_c19_fishcard_69","Outside",NA,NA,2,NA,NA,2,0.923755719782754,"Eukaryota;Chordata;Actinopteri;NA;Embiotocidae;Brachyistius;Brachyistius frenatus"
"merged_c19_fishcard_690","Edge",1,NA,NA,1,NA,NA,0.736441682296023,""
"merged_c19_fishcard_693","Edge",3,3,2,3,3,2,0.994289677457061,""
"merged_c19_fishcard_693","MPA",1,NA,1,1,NA,1,0.797983480174642,""
"merged_c19_fishcard_693","Outside",NA,1,2,NA,1,2,0.941594014896296,""
"merged_c19_fishcard_694","Outside",1,NA,1,1,NA,1,0.797983480174642,""
"merged_c19_fishcard_695","Outside",1,NA,NA,1,NA,NA,0.736441682296023,"Eukaryota;Chordata;Actinopteri;Labriformes;Labridae;Oxyjulis;Oxyjulis californica"
"merged_c19_fishcard_7","Edge",3,3,3,3,3,3,0.996889153156853,""
"merged_c19_fishcard_7","MPA",3,3,3,3,3,3,0.996889153156853,""
"merged_c19_fishcard_7","Outside",3,3,3,3,3,3,0.996889153156853,""
"merged_c19_fishcard_70","MPA",1,NA,1,1,NA,1,0.797983480174642,"Eukaryota;Chordata;Actinopteri;NA;Pomacentridae;Hypsypops;Hypsypops rubicundus"
"merged_c19_fishcard_70","Outside",1,2,NA,1,2,NA,0.94484557152455,"Eukaryota;Chordata;Actinopteri;NA;Pomacentridae;Hypsypops;Hypsypops rubicundus"
"merged_c19_fishcard_701","Edge",2,2,2,2,2,2,0.963913666561673,""
"merged_c19_fishcard_702","Edge",2,2,1,2,2,1,0.964561074160648,""
"merged_c19_fishcard_706","MPA",1,NA,NA,1,NA,NA,0.736441682296023,""
"merged_c19_fishcard_71","Edge",3,3,3,3,3,3,0.996889153156853,""
"merged_c19_fishcard_71","MPA",3,2,NA,3,2,NA,0.992020778076887,""
"merged_c19_fishcard_71","Outside",3,3,3,3,3,3,0.996889153156853,""
"merged_c19_fishcard_715","Edge",1,2,1,1,2,1,0.954185385360974,""
"merged_c19_fishcard_716","MPA",1,NA,NA,1,NA,NA,0.736441682296023,""
"merged_c19_fishcard_72","Edge",1,2,3,1,2,3,0.993800464569743,""
"merged_c19_fishcard_72","Outside",3,3,3,3,3,3,0.996889153156853,""
"merged_c19_fishcard_724","Edge",1,2,1,1,2,1,0.954185385360974,""
"merged_c19_fishcard_728","Edge",1,NA,NA,1,NA,NA,0.736441682296023,""
"merged_c19_fishcard_73","Edge",NA,1,1,NA,1,1,0.788663036413273,"Eukaryota;Chordata;Actinopteri;Beloniformes;Exocoetidae;;"
"merged_c19_fishcard_73","Outside",1,1,1,1,1,1,0.835717624389857,"Eukaryota;Chordata;Actinopteri;Beloniformes;Exocoetidae;;"
"merged_c19_fishcard_731","Edge",1,2,1,1,2,1,0.954185385360974,""
"merged_c19_fishcard_738","Edge",NA,1,1,NA,1,1,0.788663036413273,""
"merged_c19_fishcard_74","Edge",3,3,2,3,3,2,0.994289677457061,"Eukaryota;Chordata;Actinopteri;NA;Malacanthidae;Caulolatilus;Caulolatilus princeps"
"merged_c19_fishcard_74","MPA",2,1,1,2,1,1,0.952488951727658,"Eukaryota;Chordata;Actinopteri;NA;Malacanthidae;Caulolatilus;Caulolatilus princeps"
"merged_c19_fishcard_74","Outside",1,NA,1,1,NA,1,0.797983480174642,"Eukaryota;Chordata;Actinopteri;NA;Malacanthidae;Caulolatilus;Caulolatilus princeps"
"merged_c19_fishcard_741","Edge",1,NA,NA,1,NA,NA,0.736441682296023,""
"merged_c19_fishcard_743","Edge",NA,1,1,NA,1,1,0.788663036413273,""
"merged_c19_fishcard_743","Outside",1,1,NA,1,1,NA,0.796051072786437,""
"merged_c19_fishcard_753","Edge",1,1,NA,1,1,NA,0.796051072786437,""
"merged_c19_fishcard_754","MPA",1,NA,NA,1,NA,NA,0.736441682296023,""
"merged_c19_fishcard_755","MPA",1,NA,NA,1,NA,NA,0.736441682296023,"Eukaryota;Chordata;Actinopteri;Pleuronectiformes;Paralichthyidae;Citharichthys;Citharichthys stigmaeus"
"merged_c19_fishcard_76","Edge",2,3,3,2,3,3,0.996856906653569,""
"merged_c19_fishcard_76","MPA",3,2,3,3,2,3,0.996686585852729,""
"merged_c19_fishcard_76","Outside",1,NA,NA,1,NA,NA,0.736441682296023,""
"merged_c19_fishcard_77","MPA",NA,1,1,NA,1,1,0.788663036413273,"Eukaryota;Chordata;Actinopteri;NA;Embiotocidae;Rhacochilus;Rhacochilus toxotes"
"merged_c19_fishcard_772","Outside",1,NA,NA,1,NA,NA,0.736441682296023,"Eukaryota;Chordata;Actinopteri;Pleuronectiformes;Paralichthyidae;Citharichthys;Citharichthys sordidus"
"merged_c19_fishcard_78","Outside",3,3,NA,3,3,NA,0.995479170630095,""
"merged_c19_fishcard_783","Edge",1,NA,NA,1,NA,NA,0.736441682296023,""
"merged_c19_fishcard_79","Outside",1,NA,1,1,NA,1,0.797983480174642,"Eukaryota;Chordata;Actinopteri;NA;Pomacentridae;Hypsypops;Hypsypops rubicundus"
"merged_c19_fishcard_791","Edge",1,1,NA,1,1,NA,0.796051072786437,""
"merged_c19_fishcard_792","MPA",1,NA,1,1,NA,1,0.797983480174642,""
"merged_c19_fishcard_8","Edge",3,3,3,3,3,3,0.996889153156853,"Eukaryota;Chordata;Actinopteri;Labriformes;Labridae;Oxyjulis;Oxyjulis californica"
"merged_c19_fishcard_8","MPA",3,3,3,3,3,3,0.996889153156853,"Eukaryota;Chordata;Actinopteri;Labriformes;Labridae;Oxyjulis;Oxyjulis californica"
"merged_c19_fishcard_8","Outside",3,3,3,3,3,3,0.996889153156853,"Eukaryota;Chordata;Actinopteri;Labriformes;Labridae;Oxyjulis;Oxyjulis californica"
"merged_c19_fishcard_809","Edge",2,NA,NA,2,NA,NA,0.940745219693381,""
"merged_c19_fishcard_81","Edge",3,2,2,3,2,2,0.994357682488224,""
"merged_c19_fishcard_81","MPA",3,NA,NA,3,NA,NA,0.989737478204834,""
"merged_c19_fishcard_811","Edge",1,NA,NA,1,NA,NA,0.736441682296023,"Eukaryota;Chordata;Actinopteri;Labriformes;Labridae;Halichoeres;Halichoeres semicinctus"
"merged_c19_fishcard_814","Edge",1,NA,NA,1,NA,NA,0.736441682296023,""
"merged_c19_fishcard_816","MPA",1,NA,NA,1,NA,NA,0.736441682296023,""
"merged_c19_fishcard_82","Edge",1,NA,NA,1,NA,NA,0.736441682296023,""
"merged_c19_fishcard_824","Outside",1,NA,NA,1,NA,NA,0.736441682296023,""
"merged_c19_fishcard_834","Edge",NA,1,1,NA,1,1,0.788663036413273,""
"merged_c19_fishcard_835","Outside",NA,1,1,NA,1,1,0.788663036413273,""
"merged_c19_fishcard_836","MPA",1,NA,NA,1,NA,NA,0.736441682296023,""
"merged_c19_fishcard_84","Edge",3,3,3,3,3,3,0.996889153156853,""
"merged_c19_fishcard_84","MPA",3,1,1,3,1,1,0.994677719000597,""
"merged_c19_fishcard_84","Outside",3,2,3,3,2,3,0.996686585852729,""
"merged_c19_fishcard_851","Edge",1,NA,NA,1,NA,NA,0.736441682296023,"Eukaryota;Chordata;Actinopteri;Atheriniformes;Atherinopsidae;Atherinops;Atherinops affinis"
"merged_c19_fishcard_854","Outside",1,NA,NA,1,NA,NA,0.736441682296023,"Eukaryota;Chordata;Actinopteri;Clupeiformes;Clupeidae;Sardinops;Sardinops sagax"
"merged_c19_fishcard_857","Edge",1,1,1,1,1,1,0.835717624389857,""
"merged_c19_fishcard_859","Edge",1,NA,NA,1,NA,NA,0.736441682296023,"Eukaryota;Chordata;Actinopteri;Labriformes;Labridae;Oxyjulis;Oxyjulis californica"
"merged_c19_fishcard_86","Edge",3,3,3,3,3,3,0.996889153156853,""
"merged_c19_fishcard_86","MPA",2,NA,NA,2,NA,NA,0.940745219693381,""
"merged_c19_fishcard_86","Outside",NA,2,NA,NA,2,NA,0.926742309319624,""
"merged_c19_fishcard_864","Edge",1,NA,NA,1,NA,NA,0.736441682296023,""
"merged_c19_fishcard_871","Edge",NA,1,1,NA,1,1,0.788663036413273,""
"merged_c19_fishcard_880","Edge",1,1,NA,1,1,NA,0.796051072786437,""
"merged_c19_fishcard_89","Edge",2,2,3,2,2,3,0.993184638960708,"Eukaryota;Chordata;Actinopteri;Pleuronectiformes;Paralichthyidae;Xystreurys;Xystreurys liolepis"
"merged_c19_fishcard_89","MPA",NA,NA,3,NA,NA,3,0.987479056402214,"Eukaryota;Chordata;Actinopteri;Pleuronectiformes;Paralichthyidae;Xystreurys;Xystreurys liolepis"
"merged_c19_fishcard_892","Edge",1,NA,NA,1,NA,NA,0.736441682296023,"Eukaryota;Chordata;Chondrichthyes;Carcharhiniformes;Scyliorhinidae;Cephaloscyllium;Cephaloscyllium ventriosum"
"merged_c19_fishcard_898","Edge",1,NA,NA,1,NA,NA,0.736441682296023,""
"merged_c19_fishcard_907","Edge",1,NA,NA,1,NA,NA,0.736441682296023,""
"merged_c19_fishcard_908","Edge",1,NA,NA,1,NA,NA,0.736441682296023,""
"merged_c19_fishcard_91","Edge",3,3,3,3,3,3,0.996889153156853,""
"merged_c19_fishcard_91","MPA",3,3,3,3,3,3,0.996889153156853,""
"merged_c19_fishcard_91","Outside",3,3,3,3,3,3,0.996889153156853,""
"merged_c19_fishcard_912","Edge",1,NA,NA,1,NA,NA,0.736441682296023,""
"merged_c19_fishcard_920","Outside",1,NA,NA,1,NA,NA,0.736441682296023,""
"merged_c19_fishcard_923","Edge",1,NA,NA,1,NA,NA,0.736441682296023,""
"merged_c19_fishcard_924","Edge",1,NA,NA,1,NA,NA,0.736441682296023,""
"merged_c19_fishcard_925","Edge",1,NA,NA,1,NA,NA,0.736441682296023,""
"merged_c19_fishcard_926","Edge",1,NA,NA,1,NA,NA,0.736441682296023,""
"merged_c19_fishcard_927","Edge",1,NA,NA,1,NA,NA,0.736441682296023,""
"merged_c19_fishcard_928","Outside",NA,1,1,NA,1,1,0.788663036413273,""
"merged_c19_fishcard_93","Edge",3,2,2,3,2,2,0.994357682488224,""
"merged_c19_fishcard_93","MPA",3,NA,3,3,NA,3,0.9948715662758,""
"merged_c19_fishcard_94","Outside",1,NA,NA,1,NA,NA,0.736441682296023,""
"merged_c19_fishcard_941","MPA",1,NA,NA,1,NA,NA,0.736441682296023,""
"merged_c19_fishcard_959","Edge",1,NA,NA,1,NA,NA,0.736441682296023,"Eukaryota;Chordata;Aves;Charadriiformes;Laridae;Larus;"
"merged_c19_fishcard_965","MPA",1,NA,NA,1,NA,NA,0.736441682296023,"Eukaryota;Chordata;Mammalia;Artiodactyla;Delphinidae;;"
"merged_c19_fishcard_97","Edge",NA,1,1,NA,1,1,0.788663036413273,"Eukaryota;Chordata;Actinopteri;Pleuronectiformes;Paralichthyidae;Citharichthys;Citharichthys stigmaeus"
"merged_c19_fishcard_97","MPA",1,NA,NA,1,NA,NA,0.736441682296023,"Eukaryota;Chordata;Actinopteri;Pleuronectiformes;Paralichthyidae;Citharichthys;Citharichthys stigmaeus"
"merged_c19_fishcard_97","Outside",NA,2,1,NA,2,1,0.942561882885745,"Eukaryota;Chordata;Actinopteri;Pleuronectiformes;Paralichthyidae;Citharichthys;Citharichthys stigmaeus"
"merged_c19_fishcard_974","Edge",2,1,NA,2,1,NA,0.945214687474137,""
"merged_c19_fishcard_976","Outside",1,NA,NA,1,NA,NA,0.736441682296023,""
"merged_c19_fishcard_98","MPA",2,2,NA,2,2,NA,0.951109383689294,"Eukaryota;Chordata;Actinopteri;Pleuronectiformes;Paralichthyidae;Paralichthys;Paralichthys californicus"
"merged_c19_fishcard_981","Edge",1,NA,NA,1,NA,NA,0.736441682296023,""
